Class,Mean Alpha,Std Alpha
Real,0.17095224669982534,0.006853304940022149
GAN,0.15195896924881339,0.019834121322551475
Diffusion,0.16168116372220467,0.014902027879716359
